date,action,ticker,shares,price,trade_value,reason,realized_pnl,holding_days,entry_price,highest_price,lowest_price
2019-01-03,BUY,MSFT,318,90.8187,28880.35,momentum_score=0.8,,0.0,,,
2019-01-03,BUY,ORCL,740,40.1516,29712.18,momentum_score=0.7,,0.0,,,
2019-02-13,SELL,ORCL,740,46.1954,34184.6,take_profit,4472.41,29.3,40.1516,46.2416,40.1115
2019-02-14,BUY,ORCL,695,46.3418,32207.55,momentum_score=0.875,,0.0,,,
2019-02-14,SELL,MSFT,318,99.4776,31633.88,max_holding_period,2753.53,30.0,90.8187,100.3317,90.728
2019-02-15,BUY,MSFT,322,100.9076,32492.25,momentum_score=0.5,,0.0,,,
2019-03-29,SELL,MSFT,322,110.2198,35490.78,max_holding_period,2998.53,30.0,100.9076,112.463,100.2363
2019-04-01,BUY,MSFT,303,111.4518,33769.9,momentum_score=0.825,,0.0,,,
2019-05-09,SELL,ORCL,695,48.9561,34024.49,max_holding_period,1816.94,60.0,46.3418,50.0529,46.2955
2019-05-10,BUY,ORCL,696,49.4158,34393.4,momentum_score=0.725,,0.0,,,
2019-05-13,SELL,MSFT,303,115.2757,34928.54,max_holding_period,1158.64,30.0,111.4518,122.1733,111.3404
2019-05-14,BUY,MSFT,292,116.7987,34105.22,momentum_score=0.825,,0.0,,,
2019-06-25,SELL,MSFT,292,125.1574,36545.96,max_holding_period,2440.74,30.0,116.7987,129.3671,112.5225
2019-06-26,BUY,MSFT,278,125.8779,34994.06,momentum_score=0.675,,0.0,,,
2019-07-12,BUY,CRWD,508,73.5735,37375.34,momentum_score=0.8167,,0.0,,,
2019-07-22,SELL,CRWD,508,87.5923,44496.89,take_profit,7121.55,7.1,73.5735,87.68,69.54
2019-07-23,BUY,CRWD,430,86.8267,37335.48,momentum_score=1.0,,0.0,,,
2019-08-02,SELL,ORCL,696,50.5949,35214.05,max_holding_period,820.65,60.0,49.4158,54.3347,45.3828
2019-08-05,BUY,ORCL,739,48.8078,36068.96,momentum_score=0.6,,0.0,,,
2019-08-07,SELL,MSFT,278,126.8928,35276.2,max_holding_period,282.14,30.0,125.8779,132.7097,124.1372
2019-08-07,SELL,CRWD,430,84.1358,36178.39,trailing_stop,-1157.09,10.7,86.8267,94.0,84.22
2019-08-08,BUY,MSFT,289,130.5397,37725.97,momentum_score=0.7833,,0.0,,,
2019-08-08,BUY,CRWD,435,91.7417,39907.64,momentum_score=0.5333,,0.0,,,
2019-08-23,SELL,CRWD,435,88.3416,38428.6,trailing_stop,-1479.04,10.7,91.7417,99.65,88.43
2019-08-26,BUY,CRWD,401,88.9689,35676.53,momentum_score=0.65,,0.0,,,
2019-09-06,SELL,CRWD,401,75.904,30437.5,stop_loss+trailing_stop,-5239.02,7.9,88.9689,88.9689,75.98
2019-09-09,BUY,CRWD,456,67.1671,30628.2,momentum_score=0.5667,,0.0,,,
2019-09-19,SELL,MSFT,289,132.7643,38368.88,max_holding_period,642.91,30.0,130.5397,132.8972,125.6622
2019-09-20,BUY,MSFT,264,131.4931,34714.18,momentum_score=1.0,,0.0,,,
2019-09-24,SELL,CRWD,456,62.4575,28480.62,trailing_stop,-2147.58,10.7,67.1671,71.65,62.52
2019-09-25,BUY,CRWD,545,62.082,33834.69,momentum_score=0.3333,,0.0,,,
2019-09-27,SELL,CRWD,545,53.4065,29106.54,stop_loss+trailing_stop,-4728.15,1.4,62.082,62.082,53.46
2019-09-30,BUY,CRWD,614,58.3683,35838.14,momentum_score=0.5667,,0.0,,,
2019-10-07,SELL,CRWD,614,68.7112,42188.68,take_profit,6350.54,5.0,58.3683,68.78,56.63
2019-10-08,BUY,CRWD,506,65.3653,33074.84,momentum_score=1.0,,0.0,,,
2019-10-14,SELL,CRWD,506,54.4655,27559.54,stop_loss+trailing_stop,-5515.3,4.3,65.3653,65.3653,54.52
2019-10-15,BUY,CRWD,619,55.2652,34209.16,momentum_score=0.5667,,0.0,,,
2019-10-18,SELL,CRWD,619,46.993,29088.67,stop_loss+trailing_stop,-5120.49,2.1,55.2652,55.2652,47.04
2019-10-21,BUY,CRWD,673,47.4474,31932.1,momentum_score=0.45,,0.0,,,
2019-10-28,SELL,ORCL,739,49.7284,36749.29,max_holding_period,680.32,60.0,48.8078,51.828,46.7818
2019-10-29,BUY,ORCL,648,49.9739,32383.09,momentum_score=0.4667,,0.0,,,
2019-11-01,SELL,MSFT,264,135.2584,35708.22,max_holding_period,994.04,30.0,131.4931,136.2322,126.8492
2019-11-04,BUY,MSFT,239,136.3118,32578.52,momentum_score=0.9667,,0.0,,,
2019-11-07,SELL,CRWD,673,45.4545,30590.88,trailing_stop,-1341.22,12.1,47.4474,51.84,45.5
2019-11-08,BUY,CRWD,701,47.2572,33127.3,momentum_score=0.3333,,0.0,,,
2019-11-15,SELL,CRWD,701,59.6902,41842.83,take_profit,8715.53,5.0,47.2572,59.75,46.2
2019-11-18,BUY,CRWD,585,57.1271,33419.35,momentum_score=1.0,,0.0,,,
2019-12-06,SELL,CRWD,585,50.8391,29740.87,stop_loss+trailing_stop,-3678.48,12.9,57.1271,58.0,50.89
2019-12-09,BUY,CRWD,663,49.049,32519.49,momentum_score=0.7667,,0.0,,,
2019-12-16,SELL,MSFT,239,146.8711,35102.19,max_holding_period,2523.67,30.0,136.3118,147.0181,135.714
2019-12-17,BUY,MSFT,230,146.3703,33665.17,momentum_score=0.7667,,0.0,,,
2020-01-10,SELL,CRWD,663,57.1428,37885.68,take_profit,5366.19,22.9,49.049,57.2,47.3
2020-01-13,BUY,CRWD,629,59.029,37129.24,momentum_score=1.0,,0.0,,,
2020-01-21,SELL,ORCL,648,50.48,32711.04,max_holding_period,327.95,60.0,49.9739,51.5729,48.0108
2020-01-22,BUY,ORCL,733,50.123,36740.16,momentum_score=0.4,,0.0,,,
2020-01-28,SELL,MSFT,230,156.2482,35937.09,max_holding_period,2271.92,30.0,146.3703,157.9549,145.9216
2020-01-29,BUY,MSFT,231,159.0023,36729.53,momentum_score=0.9,,0.0,,,
2020-02-24,SELL,CRWD,629,58.0219,36495.78,trailing_stop+max_holding_period,-633.47,30.0,59.029,66.04,58.06
2020-02-25,BUY,CRWD,619,57.7977,35776.78,momentum_score=0.4333,,0.0,,,
2020-02-25,SELL,MSFT,231,159.1465,36762.84,trailing_stop,33.31,19.3,159.0023,178.3728,158.8434
2020-02-26,BUY,MSFT,222,161.4576,35843.59,momentum_score=0.8833,,0.0,,,
2020-03-03,SELL,ORCL,733,44.6567,32733.36,stop_loss,-4006.8,29.3,50.123,50.9972,44.7014
2020-03-04,BUY,ORCL,769,46.2942,35600.24,momentum_score=0.6333,,0.0,,,
2020-03-06,SELL,CRWD,619,51.908,32131.05,stop_loss+trailing_stop,-3645.72,7.1,57.7977,59.64,51.96
2020-03-09,BUY,CRWD,629,45.7857,28799.21,momentum_score=0.3333,,0.0,,,
2020-03-09,SELL,MSFT,222,142.6229,31662.28,stop_loss+trailing_stop,-4181.3,8.6,161.4576,163.7796,142.7657
2020-03-10,BUY,MSFT,221,152.6811,33742.52,momentum_score=0.6667,,0.0,,,
2020-03-11,SELL,ORCL,769,40.8813,31437.72,stop_loss,-4162.52,5.0,46.2942,46.2942,40.9222
2020-03-12,BUY,ORCL,742,36.4564,27050.65,momentum_score=0.7833,,0.0,,,
2020-03-12,SELL,CRWD,629,37.7822,23765.0,stop_loss+trailing_stop,-5034.2,2.1,45.7857,46.91,37.82
2020-03-12,SELL,MSFT,221,131.6767,29100.55,stop_loss+trailing_stop,-4641.97,1.4,152.6811,152.6811,131.8085
2020-03-13,BUY,MSFT,216,150.6982,32550.81,momentum_score=1.0,,0.0,,,
2020-03-13,BUY,CRWD,753,39.5895,29810.89,momentum_score=0.3333,,0.0,,,
2020-03-13,SELL,ORCL,742,43.8157,32511.25,take_profit,5460.6,0.7,36.4564,43.8596,36.42
2020-03-16,BUY,ORCL,687,39.1311,26883.07,momentum_score=0.9,,0.0,,,
2020-03-16,SELL,MSFT,216,128.23,27697.68,stop_loss+trailing_stop,-4853.13,2.1,150.6982,150.6982,128.3584
2020-03-16,SELL,CRWD,753,32.977,24831.68,stop_loss+trailing_stop,-4979.21,2.1,39.5895,39.5895,33.01
2020-03-17,BUY,MSFT,211,139.0658,29342.88,momentum_score=0.55,,0.0,,,
2020-03-17,BUY,CRWD,823,38.048,31313.5,momentum_score=0.45,,0.0,,,
2020-03-20,SELL,CRWD,823,48.961,40294.9,take_profit,8981.4,2.1,38.048,49.01,38.01
2020-03-23,BUY,CRWD,609,51.5015,31364.41,momentum_score=0.9,,0.0,,,
2020-03-26,SELL,ORCL,687,46.1468,31702.85,take_profit,4819.79,7.1,39.1311,46.193,39.092
2020-03-27,BUY,ORCL,719,45.6438,32817.89,momentum_score=0.8167,,0.0,,,
2020-04-07,SELL,CRWD,609,59.5404,36260.1,take_profit,4895.69,10.7,51.5015,59.6,51.45
2020-04-08,BUY,CRWD,570,60.3803,34416.77,momentum_score=1.0,,0.0,,,
2020-04-24,SELL,CRWD,570,71.928,40998.96,take_profit,6582.19,11.4,60.3803,72.0,58.15
2020-04-27,BUY,CRWD,515,73.6736,37941.9,momentum_score=1.0,,0.0,,,
2020-04-28,SELL,MSFT,211,160.794,33927.53,max_holding_period,4584.65,30.0,139.0658,169.2867,128.8891
2020-04-29,BUY,MSFT,225,168.3458,37877.81,momentum_score=0.4833,,0.0,,,
2020-05-29,SELL,CRWD,515,87.7222,45176.93,take_profit,7235.03,22.9,73.6736,87.81,67.66
2020-06-01,BUY,CRWD,450,94.9348,42720.66,momentum_score=1.0,,0.0,,,
2020-06-10,SELL,MSFT,225,186.9081,42054.32,max_holding_period,4176.52,30.0,168.3458,187.0952,165.4668
2020-06-11,BUY,MSFT,217,177.2255,38457.93,momentum_score=0.9,,0.0,,,
2020-06-19,SELL,ORCL,719,49.9666,35925.99,max_holding_period,3108.09,60.0,45.6438,50.6602,44.2256
2020-06-22,BUY,ORCL,837,50.7293,42460.42,momentum_score=0.7167,,0.0,,,
2020-07-08,SELL,CRWD,450,114.4355,51495.97,take_profit,8775.32,26.4,94.9348,114.55,92.25
2020-07-09,BUY,CRWD,393,117.5775,46207.96,momentum_score=0.8833,,0.0,,,
2020-07-14,SELL,CRWD,393,105.5044,41463.23,stop_loss+trailing_stop,-4744.73,3.6,117.5775,117.5775,105.61
2020-07-15,BUY,CRWD,412,103.2532,42540.32,momentum_score=0.5667,,0.0,,,
2020-07-23,SELL,MSFT,217,192.3205,41733.55,max_holding_period,3275.61,30.0,177.2255,203.7097,177.0484
2020-07-24,BUY,MSFT,221,191.5257,42327.18,momentum_score=0.6667,,0.0,,,
2020-08-07,SELL,CRWD,412,101.6483,41879.1,trailing_stop,-661.22,16.4,103.2532,115.48,100.03
2020-08-10,BUY,CRWD,425,97.097,41266.22,momentum_score=0.5667,,0.0,,,
2020-08-20,SELL,CRWD,425,112.3775,47760.44,take_profit,6494.21,7.1,97.097,112.49,97.0
2020-08-21,BUY,CRWD,403,112.132,45189.2,momentum_score=0.7667,,0.0,,,
2020-09-01,SELL,CRWD,403,143.5463,57849.16,take_profit,12659.96,7.9,112.132,143.69,111.245
2020-09-02,BUY,CRWD,351,142.2121,49916.45,momentum_score=1.0,,0.0,,,
2020-09-04,SELL,MSFT,221,203.9314,45068.84,max_holding_period,2741.66,30.0,191.5257,220.7141,191.3343
2020-09-04,SELL,CRWD,351,125.0648,43897.74,stop_loss+trailing_stop,-6018.7,1.4,142.2121,142.2121,125.19
2020-09-08,BUY,CRWD,379,125.7556,47661.37,momentum_score=0.8167,,0.0,,,
2020-09-08,BUY,MSFT,232,193.2858,44842.31,momentum_score=0.7333,,0.0,,,
2020-09-14,SELL,ORCL,837,54.8451,45905.35,max_holding_period,3444.92,60.0,50.7293,54.9,49.8144
2020-09-15,BUY,ORCL,888,56.3228,50014.65,momentum_score=0.9,,0.0,,,
2020-10-05,SELL,CRWD,379,144.7351,54854.6,take_profit,7193.23,19.3,125.7556,144.88,125.63
2020-10-06,BUY,CRWD,349,145.2751,50701.01,momentum_score=1.0,,0.0,,,
2020-10-20,SELL,MSFT,232,204.3121,47400.41,max_holding_period,2558.1,30.0,193.2858,212.339,190.9298
2020-10-21,BUY,MSFT,247,204.8642,50601.46,momentum_score=0.7667,,0.0,,,
2020-10-21,SELL,CRWD,349,135.0049,47116.71,trailing_stop,-3584.3,10.7,145.2751,152.8,135.14
2020-10-22,BUY,CRWD,369,134.6745,49694.89,momentum_score=0.5667,,0.0,,,
2020-11-09,SELL,CRWD,369,126.4235,46650.27,trailing_stop,-3044.62,12.9,134.6745,141.79,123.84
2020-11-10,BUY,CRWD,383,123.6235,47347.8,momentum_score=0.65,,0.0,,,
2020-11-19,SELL,CRWD,383,143.6162,55005.0,take_profit,7657.2,6.4,123.6235,143.76,123.5
2020-11-20,BUY,CRWD,350,145.8657,51053.0,momentum_score=1.0,,0.0,,,
2020-12-02,SELL,MSFT,247,205.5342,50766.95,max_holding_period,165.49,30.0,204.8642,213.1584,192.7783
2020-12-03,BUY,MSFT,246,204.8651,50396.81,momentum_score=0.55,,0.0,,,
2020-12-07,SELL,CRWD,350,170.5493,59692.25,take_profit,8639.26,12.1,145.8657,170.72,141.84
2020-12-08,BUY,CRWD,315,177.6575,55962.11,momentum_score=0.8833,,0.0,,,
2020-12-08,SELL,ORCL,888,54.669,48546.07,max_holding_period,-1468.57,60.0,56.3228,56.9764,51.5346
2020-12-09,BUY,ORCL,983,55.428,54485.72,momentum_score=0.75,,0.0,,,
2020-12-21,SELL,CRWD,315,210.4394,66288.41,take_profit,10326.3,9.3,177.6575,210.65,166.17
2020-12-22,BUY,CRWD,278,225.1249,62584.72,momentum_score=1.0,,0.0,,,
2021-01-04,SELL,CRWD,278,200.2895,55680.48,stop_loss+trailing_stop,-6904.24,9.3,225.1249,225.1249,200.49
2021-01-05,BUY,CRWD,279,211.4512,58994.88,momentum_score=0.65,,0.0,,,
2021-01-14,SELL,MSFT,246,203.2914,50009.68,max_holding_period,-387.13,30.0,204.8651,214.901,201.1067
2021-01-15,BUY,MSFT,277,203.3446,56326.45,momentum_score=0.5667,,0.0,,,
2021-01-26,SELL,CRWD,279,206.5932,57639.5,trailing_stop,-1355.38,15.0,211.4512,233.59,206.8
2021-01-27,BUY,CRWD,272,201.1309,54707.6,momentum_score=0.45,,0.0,,,
2021-02-10,SELL,CRWD,272,231.1187,62864.29,take_profit,8156.68,10.0,201.1309,231.35,200.93
2021-02-11,BUY,CRWD,259,235.0348,60874.01,momentum_score=0.6833,,0.0,,,
2021-02-24,SELL,CRWD,259,216.3834,56043.3,trailing_stop,-4830.71,9.3,235.0348,242.42,216.6
2021-02-25,BUY,CRWD,269,208.8687,56185.68,momentum_score=0.7667,,0.0,,,
2021-02-26,SELL,MSFT,277,222.278,61571.01,max_holding_period,5244.55,30.0,203.3446,234.0354,203.1415
2021-03-01,BUY,MSFT,264,227.0936,59952.71,momentum_score=0.45,,0.0,,,
2021-03-03,SELL,ORCL,983,62.2039,61146.43,max_holding_period,6660.71,60.0,55.428,62.2662,55.1409
2021-03-04,BUY,ORCL,935,61.1175,57144.86,momentum_score=1.0,,0.0,,,
2021-03-04,SELL,CRWD,269,192.797,51862.39,trailing_stop,-4323.29,5.0,208.8687,223.4,192.99
2021-03-05,BUY,CRWD,293,183.3031,53707.81,momentum_score=0.5667,,0.0,,,
2021-03-24,SELL,CRWD,293,181.4184,53155.59,trailing_stop,-552.22,13.6,183.3031,208.03,179.75
2021-03-25,BUY,CRWD,316,179.3392,56671.19,momentum_score=0.45,,0.0,,,
2021-04-08,SELL,ORCL,935,70.288,65719.28,take_profit,8574.42,25.0,61.1175,70.3584,61.0564
2021-04-09,BUY,ORCL,901,70.7094,63709.17,momentum_score=0.6667,,0.0,,,
2021-04-12,SELL,MSFT,264,244.7852,64623.29,max_holding_period,4670.58,30.0,227.0936,245.0302,217.0908
2021-04-13,BUY,MSFT,260,247.748,64414.48,momentum_score=0.6667,,0.0,,,
2021-04-13,SELL,CRWD,316,216.1336,68298.22,take_profit,11627.03,13.6,179.3392,216.35,173.85
2021-04-14,BUY,CRWD,300,208.4082,62522.46,momentum_score=0.8,,0.0,,,
2021-05-04,SELL,CRWD,300,197.5922,59277.66,trailing_stop,-3244.8,14.3,208.4082,224.47,197.79
2021-05-05,BUY,CRWD,322,193.4332,62285.49,momentum_score=0.6667,,0.0,,,
2021-05-12,SELL,MSFT,260,228.6103,59438.68,stop_loss,-4975.8,20.7,247.748,250.8325,228.8391
2021-05-13,BUY,MSFT,271,232.9304,63124.14,momentum_score=0.7833,,0.0,,,
2021-05-27,SELL,CRWD,322,222.5872,71673.08,take_profit,9387.59,15.7,193.4332,222.81,183.76
2021-05-28,BUY,CRWD,298,222.3721,66266.89,momentum_score=1.0,,0.0,,,
2021-06-22,SELL,CRWD,298,256.3534,76393.31,take_profit,10126.43,17.9,222.3721,256.61,206.94
2021-06-23,BUY,CRWD,275,253.1529,69617.05,momentum_score=1.0,,0.0,,,
2021-06-24,SELL,MSFT,271,255.6856,69290.8,max_holding_period,6166.66,30.0,232.9304,255.9415,232.6977
2021-06-25,BUY,MSFT,275,254.5931,70013.1,momentum_score=0.8167,,0.0,,,
2021-07-02,SELL,ORCL,901,76.3943,68831.26,max_holding_period,5122.09,60.0,70.7094,79.0784,69.6294
2021-07-06,BUY,ORCL,948,77.7261,73684.34,momentum_score=0.7167,,0.0,,,
2021-08-04,SELL,CRWD,275,263.9458,72585.1,max_holding_period,2968.05,30.0,253.1529,268.96,249.3
2021-08-05,BUY,CRWD,287,265.8856,76309.17,momentum_score=0.7167,,0.0,,,
2021-08-06,SELL,MSFT,275,277.516,76316.9,max_holding_period,6303.8,30.0,254.5931,277.9954,254.3388
2021-08-09,BUY,MSFT,272,276.9861,75340.22,momentum_score=0.6833,,0.0,,,
2021-08-16,SELL,CRWD,287,234.4753,67294.41,stop_loss+trailing_stop,-9014.76,7.9,265.8856,265.8856,234.71
2021-08-17,BUY,CRWD,316,233.0328,73638.36,momentum_score=0.5667,,0.0,,,
2021-08-25,SELL,CRWD,316,269.73,85234.68,take_profit,11596.32,5.7,233.0328,270.0,232.8
2021-08-26,BUY,CRWD,288,279.0488,80366.05,momentum_score=0.9,,0.0,,,
2021-09-13,SELL,CRWD,288,253.776,73087.49,trailing_stop,-7278.57,12.9,279.0488,286.37,254.03
2021-09-14,BUY,CRWD,296,257.5573,76236.96,momentum_score=0.5333,,0.0,,,
2021-09-20,SELL,MSFT,272,282.6964,76893.42,max_holding_period,1553.2,30.0,276.9861,293.4794,274.8955
2021-09-21,BUY,MSFT,262,283.7436,74340.82,momentum_score=0.6833,,0.0,,,
2021-09-28,SELL,ORCL,948,84.8011,80391.44,max_holding_period,6707.1,60.0,77.7261,85.4019,77.6484
2021-09-29,BUY,ORCL,862,85.6845,73860.04,momentum_score=0.8833,,0.0,,,
2021-10-26,SELL,CRWD,296,286.7929,84890.7,max_holding_period,8653.74,30.0,257.5573,287.08,238.88
2021-10-27,BUY,CRWD,280,279.279,78198.12,momentum_score=1.0,,0.0,,,
2021-11-02,SELL,MSFT,262,319.9955,83838.82,max_holding_period,9498.0,30.0,283.7436,320.3158,271.0757
2021-11-03,BUY,MSFT,253,321.4735,81332.8,momentum_score=0.9667,,0.0,,,
2021-11-15,SELL,CRWD,280,253.8958,71090.82,trailing_stop,-7107.3,13.6,279.279,293.18,254.15
2021-11-16,BUY,CRWD,313,262.7725,82247.79,momentum_score=0.5667,,0.0,,,
2021-11-22,SELL,CRWD,313,239.4004,74932.33,trailing_stop,-7315.47,4.3,262.7725,269.78,239.64
2021-11-23,BUY,CRWD,324,230.8106,74782.63,momentum_score=0.5667,,0.0,,,
2021-12-01,SELL,CRWD,324,201.2985,65220.71,stop_loss+trailing_stop,-9561.92,5.7,230.8106,232.64,201.5
2021-12-02,BUY,CRWD,362,209.5594,75860.5,momentum_score=0.5667,,0.0,,,
2021-12-15,SELL,MSFT,253,322.0436,81477.03,max_holding_period,144.24,30.0,321.4735,330.5155,311.1533
2021-12-16,BUY,MSFT,238,313.2869,74562.28,momentum_score=0.55,,0.0,,,
2021-12-22,SELL,ORCL,862,84.5036,72842.1,max_holding_period,-1017.94,60.0,85.6845,97.5692,81.734
2021-12-23,BUY,ORCL,872,84.5409,73719.66,momentum_score=0.55,,0.0,,,
2022-01-04,SELL,CRWD,362,189.0008,68418.29,trailing_stop,-7442.21,23.6,209.5594,211.52,189.19
2022-01-05,BUY,CRWD,376,179.4693,67480.46,momentum_score=0.5667,,0.0,,,
2022-01-13,SELL,MSFT,238,293.3182,69809.73,trailing_stop,-4752.55,20.0,313.2869,329.8798,293.6118
2022-01-13,SELL,CRWD,376,174.7251,65696.64,trailing_stop,-1783.82,5.7,179.4693,196.11,174.9
2022-01-14,BUY,MSFT,234,299.1124,69992.3,momentum_score=0.7667,,0.0,,,
2022-01-14,BUY,CRWD,393,176.8767,69512.54,momentum_score=0.5667,,0.0,,,
2022-01-25,SELL,CRWD,393,158.4314,62263.54,stop_loss+trailing_stop,-7249.0,7.9,176.8767,176.8767,158.59
2022-01-26,BUY,CRWD,400,161.1009,64440.36,momentum_score=0.3333,,0.0,,,
2022-01-26,SELL,ORCL,872,75.1238,65507.95,stop_loss,-8211.71,24.3,84.5409,84.5409,75.199
2022-01-27,BUY,ORCL,846,75.4539,63834.0,momentum_score=0.7333,,0.0,,,
2022-02-09,SELL,CRWD,400,186.7131,74685.24,take_profit,10244.88,10.0,161.1009,186.9,159.81
2022-02-10,BUY,CRWD,366,188.0679,68832.85,momentum_score=0.6667,,0.0,,,
2022-02-17,SELL,CRWD,366,169.6801,62102.92,trailing_stop,-6729.93,5.0,188.0679,189.3,169.85
2022-02-18,BUY,CRWD,372,165.0949,61415.3,momentum_score=0.65,,0.0,,,
2022-02-23,SELL,MSFT,234,270.2699,63243.16,stop_loss+trailing_stop,-6749.14,28.6,299.1124,301.9539,270.5404
2022-02-24,BUY,MSFT,227,284.6476,64615.01,momentum_score=0.75,,0.0,,,
2022-02-28,SELL,CRWD,372,195.0148,72545.51,take_profit,11130.2,7.1,165.0949,195.21,161.83
2022-03-01,BUY,CRWD,339,197.8376,67066.95,momentum_score=1.0,,0.0,,,
2022-03-04,SELL,CRWD,339,178.851,60630.49,trailing_stop,-6436.46,2.1,197.8376,201.75,179.03
2022-03-07,BUY,CRWD,356,167.5674,59653.99,momentum_score=0.7333,,0.0,,,
2022-03-17,SELL,CRWD,356,203.9259,72597.62,take_profit,12943.63,7.1,167.5674,204.13,156.77
2022-03-18,BUY,CRWD,338,208.2681,70394.62,momentum_score=0.8833,,0.0,,,
2022-04-07,SELL,MSFT,227,290.617,65970.06,max_holding_period,1355.05,30.0,284.6476,304.4605,266.2738
2022-04-08,BUY,MSFT,243,286.9473,69728.19,momentum_score=0.6833,,0.0,,,
2022-04-13,SELL,CRWD,338,239.6201,80991.59,take_profit,10596.98,18.6,208.2681,239.86,204.13
2022-04-14,BUY,CRWD,299,235.4552,70401.1,momentum_score=1.0,,0.0,,,
2022-04-21,SELL,ORCL,846,75.3135,63715.22,max_holding_period,-118.78,60.0,75.4539,79.6397,68.4719
2022-04-21,SELL,CRWD,299,209.6402,62682.42,stop_loss+trailing_stop,-7718.68,5.0,235.4552,235.4552,209.85
2022-04-22,BUY,ORCL,915,72.3595,66208.94,momentum_score=0.8833,,0.0,,,
2022-04-22,BUY,CRWD,328,205.8256,67510.8,momentum_score=0.4333,,0.0,,,
2022-04-22,SELL,MSFT,243,264.2526,64213.38,stop_loss,-5514.81,10.0,286.9473,286.9473,264.5171
2022-04-25,BUY,MSFT,258,271.2457,69981.39,momentum_score=0.65,,0.0,,,
2022-05-05,SELL,CRWD,328,180.799,59302.07,stop_loss+trailing_stop,-8208.72,9.3,205.8256,214.58,180.98
2022-05-06,BUY,CRWD,358,164.9748,59060.98,momentum_score=0.45,,0.0,,,
2022-05-09,SELL,CRWD,358,143.5463,51389.58,stop_loss+trailing_stop,-7671.4,2.1,164.9748,164.9748,143.69
2022-05-10,BUY,CRWD,426,152.0319,64765.59,momentum_score=0.5667,,0.0,,,
2022-05-11,SELL,MSFT,258,251.2534,64823.38,trailing_stop,-5158.01,11.4,271.2457,279.9134,251.5049
2022-05-12,BUY,MSFT,234,246.732,57735.29,momentum_score=0.8833,,0.0,,,
2022-05-18,SELL,ORCL,915,64.7196,59218.43,stop_loss,-6990.51,18.6,72.3595,73.0176,64.7844
2022-05-18,SELL,CRWD,426,138.3615,58942.0,trailing_stop,-5823.59,5.7,152.0319,156.29,137.4
2022-05-19,BUY,CRWD,420,142.7826,59968.69,momentum_score=0.7333,,0.0,,,
2022-05-19,BUY,ORCL,899,63.6528,57223.87,momentum_score=0.5833,,0.0,,,
2022-05-27,SELL,CRWD,420,166.6532,69994.34,take_profit,10025.65,5.7,142.7826,166.82,139.87
2022-05-31,BUY,CRWD,383,160.15,61337.45,momentum_score=0.6833,,0.0,,,
2022-06-13,SELL,MSFT,234,234.1602,54793.49,trailing_stop,-2941.8,22.9,246.732,265.6653,234.3946
2022-06-13,SELL,CRWD,383,154.3655,59121.99,trailing_stop,-2215.46,9.3,160.15,178.84,154.52
2022-06-14,BUY,MSFT,251,236.7887,59433.96,momentum_score=0.7,,0.0,,,
2022-06-14,BUY,CRWD,381,159.4193,60738.75,momentum_score=0.7,,0.0,,,
2022-06-24,SELL,CRWD,381,184.805,70410.71,take_profit,9671.95,7.1,159.4193,184.99,157.21
2022-06-27,BUY,CRWD,352,182.1119,64103.39,momentum_score=0.8833,,0.0,,,
2022-07-26,SELL,MSFT,251,243.4778,61112.93,max_holding_period,1678.96,30.0,236.7887,259.6859,236.5522
2022-07-26,SELL,CRWD,352,169.0008,59488.28,trailing_stop,-4615.11,20.7,182.1119,190.38,168.56
2022-07-27,BUY,MSFT,261,260.2749,67931.75,momentum_score=0.7833,,0.0,,,
2022-07-27,BUY,CRWD,376,177.137,66603.51,momentum_score=0.45,,0.0,,,
2022-07-28,SELL,ORCL,899,73.3279,65921.78,take_profit,8697.91,50.0,63.6528,73.4013,60.7531
2022-07-29,BUY,ORCL,893,74.2377,66294.27,momentum_score=0.6167,,0.0,,,
2022-08-30,SELL,MSFT,261,254.7173,66481.22,trailing_stop,-1450.53,24.3,260.2749,283.942,254.9723
2022-08-31,BUY,MSFT,254,253.7714,64457.94,momentum_score=0.45,,0.0,,,
2022-08-31,SELL,CRWD,376,182.4274,68592.7,trailing_stop,1989.19,25.0,177.137,202.94,176.96
2022-09-01,BUY,CRWD,348,173.143,60253.76,momentum_score=0.6667,,0.0,,,
2022-09-16,SELL,ORCL,893,65.5134,58503.47,stop_loss,-7790.8,35.0,74.2377,75.7642,65.579
2022-09-16,SELL,CRWD,348,170.839,59451.97,trailing_stop,-801.79,10.7,173.143,195.1,171.01
2022-09-19,BUY,ORCL,926,65.8735,60998.86,momentum_score=0.7833,,0.0,,,
2022-09-19,BUY,CRWD,355,175.5654,62325.72,momentum_score=0.5333,,0.0,,,
2022-09-21,SELL,MSFT,254,231.4511,58788.58,stop_loss+trailing_stop,-5669.36,15.0,253.7714,258.5404,231.6828
2022-09-22,BUY,MSFT,254,233.8847,59406.71,momentum_score=0.8,,0.0,,,
2022-09-29,SELL,ORCL,926,58.4415,54116.83,stop_loss,-6882.03,7.1,65.8735,65.8735,58.5
2022-09-30,BUY,ORCL,973,58.2438,56671.22,momentum_score=0.45,,0.0,,,
2022-10-11,SELL,CRWD,355,155.6342,55250.14,stop_loss+trailing_stop,-7075.58,15.7,175.5654,178.39,155.79
2022-10-12,BUY,CRWD,355,153.143,54365.76,momentum_score=0.6667,,0.0,,,
2022-10-21,SELL,ORCL,973,69.5527,67674.78,take_profit,11003.56,15.0,58.2438,69.6223,58.1856
2022-10-24,BUY,ORCL,859,69.9029,60046.59,momentum_score=1.0,,0.0,,,
2022-11-02,SELL,MSFT,254,213.1927,54150.95,stop_loss+trailing_stop,-5255.77,29.3,233.8847,243.0367,213.4061
2022-11-02,SELL,CRWD,355,147.842,52483.91,trailing_stop,-1881.85,15.0,153.143,164.73,145.98
2022-11-03,BUY,MSFT,270,207.9417,56144.26,momentum_score=0.6667,,0.0,,,
2022-11-03,BUY,CRWD,390,141.6715,55251.89,momentum_score=0.5667,,0.0,,,
2022-11-07,SELL,CRWD,390,124.5553,48576.57,stop_loss+trailing_stop,-6675.32,2.9,141.6715,141.6715,124.68
2022-11-08,BUY,CRWD,459,127.127,58351.29,momentum_score=0.5667,,0.0,,,
2022-11-15,SELL,CRWD,459,148.1517,68001.63,take_profit,9650.34,5.0,127.127,148.3,122.36
2022-11-16,BUY,CRWD,417,143.7936,59961.93,momentum_score=0.8,,0.0,,,
2022-11-30,SELL,CRWD,417,117.5324,49011.01,stop_loss+trailing_stop,-10950.92,10.0,143.7936,143.7936,117.65
2022-12-01,BUY,CRWD,515,124.1941,63959.96,momentum_score=0.5667,,0.0,,,
2022-12-01,SELL,ORCL,859,80.4688,69122.7,take_profit,9076.11,27.1,69.9029,80.5493,69.833
2022-12-02,BUY,ORCL,755,79.9013,60325.48,momentum_score=0.6667,,0.0,,,
2022-12-15,SELL,MSFT,270,241.8751,65306.28,max_holding_period,9162.02,30.0,207.9417,250.1,207.734
2022-12-16,BUY,MSFT,240,238.1548,57157.15,momentum_score=0.8833,,0.0,,,
2022-12-16,SELL,CRWD,515,111.3885,57365.08,stop_loss+trailing_stop,-6594.88,10.7,124.1941,124.1941,111.5
2022-12-19,BUY,CRWD,516,108.1981,55830.22,momentum_score=0.3333,,0.0,,,
2023-01-05,SELL,MSFT,240,215.9401,51825.62,stop_loss,-5331.53,14.3,238.1548,238.1548,216.1563
2023-01-05,SELL,CRWD,516,94.7951,48914.27,stop_loss+trailing_stop,-6915.95,12.1,108.1981,109.83,94.89
2023-01-06,BUY,CRWD,578,94.8147,54802.9,momentum_score=0.65,,0.0,,,
2023-01-06,BUY,MSFT,254,218.9225,55606.32,momentum_score=0.5833,,0.0,,,
2023-02-01,SELL,CRWD,578,110.3895,63805.13,take_profit,9002.23,18.6,94.8147,110.5,94.72
2023-02-02,BUY,CRWD,551,116.0459,63941.29,momentum_score=0.9,,0.0,,,
2023-02-17,SELL,MSFT,254,251.2937,63828.6,max_holding_period,8222.28,30.0,218.9225,264.6361,218.7038
2023-02-21,BUY,MSFT,240,246.5376,59169.02,momentum_score=0.55,,0.0,,,
2023-02-24,SELL,ORCL,755,85.1399,64280.62,max_holding_period,3955.14,60.0,79.9013,86.5612,75.445
2023-02-27,BUY,ORCL,715,84.6367,60515.24,momentum_score=0.7167,,0.0,,,
2023-03-16,SELL,CRWD,551,133.3865,73495.96,take_profit+max_holding_period,9554.67,30.0,116.0459,133.52,108.96
2023-03-17,BUY,CRWD,486,133.2531,64761.01,momentum_score=0.7333,,0.0,,,
2023-04-04,SELL,MSFT,240,279.6501,67116.02,max_holding_period,7947.0,30.0,246.5376,281.0218,240.0528
2023-04-05,BUY,MSFT,243,277.4389,67417.65,momentum_score=0.7667,,0.0,,,
2023-04-25,SELL,CRWD,486,122.0279,59305.56,trailing_stop,-5455.45,27.9,133.2531,137.37,122.15
2023-04-26,BUY,CRWD,535,124.2441,66470.59,momentum_score=0.45,,0.0,,,
2023-05-17,SELL,MSFT,243,306.4354,74463.8,max_holding_period,7046.15,30.0,277.4389,306.7421,268.4669
2023-05-18,BUY,MSFT,232,311.4688,72260.76,momentum_score=0.5333,,0.0,,,
2023-05-18,SELL,ORCL,715,98.6882,70562.06,take_profit,10046.82,57.1,84.6367,98.787,79.7651
2023-05-19,BUY,ORCL,735,99.3689,73036.14,momentum_score=0.6833,,0.0,,,
2023-05-19,SELL,CRWD,535,144.5753,77347.79,take_profit,10877.19,16.4,124.2441,144.72,116.74
2023-05-22,BUY,CRWD,504,147.5574,74368.93,momentum_score=0.9,,0.0,,,
2023-06-14,SELL,ORCL,735,117.9071,86661.72,take_profit,13625.58,18.6,99.3689,118.0251,94.9066
2023-06-15,BUY,ORCL,672,122.2787,82171.29,momentum_score=1.0,,0.0,,,
2023-06-21,SELL,CRWD,504,143.7062,72427.92,trailing_stop,-1941.0,21.4,147.5574,160.13,143.85
2023-06-22,BUY,CRWD,533,145.9458,77789.11,momentum_score=0.5667,,0.0,,,
2023-06-29,SELL,MSFT,232,326.9782,75858.94,max_holding_period,3598.18,30.0,311.4688,340.0539,306.5956
2023-06-30,BUY,MSFT,231,333.0013,76923.3,momentum_score=0.7833,,0.0,,,
2023-08-03,SELL,CRWD,533,157.3925,83890.2,max_holding_period,6101.09,30.0,145.9458,165.96,141.81
2023-08-04,BUY,CRWD,483,150.6405,72759.36,momentum_score=1.0,,0.0,,,
2023-08-09,SELL,ORCL,672,109.447,73548.38,stop_loss,-8622.9,39.3,122.2787,122.2787,109.5566
2023-08-09,SELL,MSFT,231,314.467,72641.88,trailing_stop,-4281.42,28.6,333.0013,351.1806,314.7818
2023-08-10,BUY,ORCL,683,109.5595,74829.14,momentum_score=0.75,,0.0,,,
2023-08-10,BUY,MSFT,237,315.7811,74840.12,momentum_score=0.5333,,0.0,,,
2023-09-15,SELL,CRWD,483,165.2845,79832.41,max_holding_period,7073.05,30.0,150.6405,172.29,144.03
2023-09-18,BUY,CRWD,474,167.137,79222.94,momentum_score=0.6167,,0.0,,,
2023-09-21,SELL,MSFT,237,312.4923,74060.68,max_holding_period,-779.45,30.0,315.7811,331.5717,309.8193
2023-09-22,BUY,MSFT,243,310.6485,75487.59,momentum_score=0.7333,,0.0,,,
2023-10-26,SELL,ORCL,683,97.5128,66601.24,stop_loss,-8227.9,55.0,109.5595,122.7402,97.6104
2023-10-27,BUY,ORCL,783,98.2822,76954.96,momentum_score=0.5167,,0.0,,,
2023-10-30,SELL,CRWD,474,174.4354,82682.38,max_holding_period,3459.44,30.0,167.137,188.22,159.92
2023-10-31,BUY,CRWD,444,176.9468,78564.38,momentum_score=0.4667,,0.0,,,
2023-11-03,SELL,MSFT,243,345.0295,83842.17,max_holding_period,8354.58,30.0,310.6485,345.3749,305.5706
2023-11-06,BUY,MSFT,236,349.3754,82452.59,momentum_score=0.5667,,0.0,,,
2023-11-14,SELL,CRWD,444,207.762,92246.33,take_profit,13681.95,10.0,176.9468,207.97,176.77
2023-11-15,BUY,CRWD,418,204.4943,85478.62,momentum_score=0.9,,0.0,,,
2023-11-20,SELL,ORCL,783,113.5577,88915.68,take_profit,11960.72,17.1,98.2822,113.6714,98.184
2023-11-21,BUY,ORCL,775,112.9676,87549.89,momentum_score=0.3667,,0.0,,,
2023-11-30,SELL,CRWD,418,236.753,98962.75,take_profit,13484.14,10.7,204.4943,236.99,204.27
2023-12-01,BUY,CRWD,387,235.265,91047.55,momentum_score=1.0,,0.0,,,
2023-12-12,SELL,ORCL,775,97.911,75881.02,stop_loss,-11668.87,15.0,112.9676,113.9047,98.009
2023-12-13,BUY,ORCL,914,100.2286,91608.94,momentum_score=0.5667,,0.0,,,
2023-12-18,SELL,MSFT,236,365.1821,86182.98,max_holding_period,3730.38,30.0,349.3754,375.406,349.0264
2023-12-19,BUY,MSFT,249,366.5121,91261.51,momentum_score=0.55,,0.0,,,
2024-01-09,SELL,CRWD,387,273.4962,105843.03,take_profit,14795.47,27.9,235.265,273.77,235.03
2024-01-10,BUY,CRWD,338,282.322,95424.84,momentum_score=1.0,,0.0,,,
2024-01-30,SELL,MSFT,249,400.4018,99700.05,max_holding_period,8438.54,30.0,366.5121,401.9111,360.741
2024-01-31,BUY,MSFT,249,390.3924,97207.71,momentum_score=0.7333,,0.0,,,
2024-02-09,SELL,CRWD,338,329.0107,111205.62,take_profit,15780.78,21.4,282.322,329.34,276.27
2024-02-12,BUY,CRWD,318,321.6113,102272.39,momentum_score=1.0,,0.0,,,
2024-02-21,SELL,CRWD,318,292.0676,92877.5,trailing_stop,-9394.9,6.4,321.6113,334.55,292.36
2024-02-22,BUY,CRWD,337,311.2209,104881.44,momentum_score=0.6667,,0.0,,,
2024-03-06,SELL,ORCL,914,109.4639,100050.0,max_holding_period,8441.06,60.0,100.2286,114.4534,97.5229
2024-03-07,BUY,ORCL,926,111.9008,103620.14,momentum_score=0.45,,0.0,,,
2024-03-13,SELL,MSFT,249,407.5336,101475.87,max_holding_period,4268.16,30.0,390.3924,412.5347,390.0024
2024-03-14,BUY,MSFT,259,418.3048,108340.94,momentum_score=0.5667,,0.0,,,
2024-04-04,SELL,CRWD,337,308.8808,104092.83,max_holding_period,-788.61,30.0,311.2209,332.17,297.56
2024-04-05,BUY,CRWD,331,315.8155,104534.93,momentum_score=0.3333,,0.0,,,
2024-04-19,SELL,CRWD,331,282.3574,93460.3,stop_loss+trailing_stop,-11074.63,10.0,315.8155,317.8,282.64
2024-04-22,BUY,CRWD,336,289.4391,97251.54,momentum_score=0.45,,0.0,,,
2024-04-25,SELL,MSFT,259,391.7662,101467.45,max_holding_period,-6873.5,30.0,418.3048,421.9654,392.1584
2024-04-26,BUY,MSFT,244,399.7122,97529.78,momentum_score=0.7667,,0.0,,,
2024-05-15,SELL,CRWD,336,342.7769,115173.04,take_profit,17921.5,16.4,289.4391,343.12,289.15
2024-05-16,BUY,CRWD,302,339.3991,102498.53,momentum_score=1.0,,0.0,,,
2024-05-30,SELL,ORCL,926,114.5319,106056.54,max_holding_period,2436.4,60.0,111.9008,126.1359,109.7199
2024-05-30,SELL,CRWD,302,315.6041,95312.44,trailing_stop,-7186.09,10.0,339.3991,351.47,315.92
2024-05-31,BUY,CRWD,315,313.9837,98904.87,momentum_score=0.7667,,0.0,,,
2024-05-31,BUY,ORCL,868,114.8592,99697.79,momentum_score=0.5667,,0.0,,,
2024-06-07,SELL,MSFT,244,416.8747,101717.43,max_holding_period,4187.65,30.0,399.7122,423.8587,382.6159
2024-06-10,BUY,MSFT,253,421.671,106682.76,momentum_score=0.3333,,0.0,,,
2024-06-10,SELL,CRWD,315,374.1954,117871.55,take_profit,18966.69,7.1,313.9837,374.57,305.58
2024-06-11,BUY,CRWD,287,385.0146,110499.19,momentum_score=1.0,,0.0,,,
2024-06-12,SELL,ORCL,868,137.313,119187.68,take_profit,19489.9,8.6,114.8592,137.4505,114.7445
2024-06-13,BUY,ORCL,821,137.0685,112533.24,momentum_score=0.9,,0.0,,,
2024-07-18,SELL,CRWD,287,342.707,98356.91,stop_loss+trailing_stop,-12142.28,26.4,385.0146,392.15,343.05
2024-07-19,BUY,CRWD,316,305.265,96463.74,momentum_score=0.45,,0.0,,,
2024-07-22,SELL,MSFT,253,435.6504,110219.55,max_holding_period,3536.79,30.0,421.671,460.3256,421.2497
2024-07-22,SELL,CRWD,316,263.6461,83312.17,stop_loss+trailing_stop,-13151.57,2.1,305.265,305.265,263.91
2024-07-23,BUY,MSFT,241,438.405,105655.6,momentum_score=0.7,,0.0,,,
2024-07-23,BUY,CRWD,399,269.1489,107390.41,momentum_score=0.5667,,0.0,,,
2024-07-30,SELL,CRWD,399,233.4163,93133.1,stop_loss+trailing_stop,-14257.31,5.0,269.1489,269.1489,233.65
2024-07-31,BUY,CRWD,421,232.192,97752.83,momentum_score=0.5667,,0.0,,,
2024-08-02,SELL,MSFT,241,401.7674,96825.94,stop_loss,-8829.66,7.1,438.405,438.405,402.1696
2024-08-05,BUY,MSFT,236,389.425,91904.3,momentum_score=0.9,,0.0,,,
2024-08-21,SELL,CRWD,421,272.9368,114906.39,take_profit,17153.56,15.0,232.192,273.21,217.89
2024-08-22,BUY,CRWD,386,267.9077,103412.37,momentum_score=0.7667,,0.0,,,
2024-09-05,SELL,ORCL,821,139.8882,114848.21,max_holding_period,2314.97,60.0,137.0685,142.1491,123.6207
2024-09-06,BUY,ORCL,741,139.3819,103281.99,momentum_score=1.0,,0.0,,,
2024-09-06,SELL,CRWD,386,246.1436,95011.43,trailing_stop,-8400.94,10.7,267.9077,277.28,246.39
2024-09-09,BUY,CRWD,414,246.8266,102186.21,momentum_score=0.4333,,0.0,,,
2024-09-16,SELL,MSFT,236,425.0061,100301.44,max_holding_period,8397.14,30.0,389.425,425.4315,389.036
2024-09-16,SELL,ORCL,741,167.0792,123805.69,take_profit,20523.7,7.1,139.3819,167.2464,137.3575
2024-09-17,BUY,ORCL,675,164.6026,111106.75,momentum_score=1.0,,0.0,,,
2024-09-17,BUY,MSFT,265,429.6185,113848.9,momentum_score=0.4333,,0.0,,,
2024-09-20,SELL,CRWD,414,299.5502,124013.78,take_profit,21827.57,7.9,246.8266,299.85,246.58
2024-09-23,BUY,CRWD,389,293.4332,114145.51,momentum_score=0.9,,0.0,,,
2024-10-29,SELL,MSFT,265,425.6071,112785.88,max_holding_period,-1063.02,30.0,429.6185,432.6808,403.9301
2024-10-30,BUY,MSFT,281,427.0318,119995.94,momentum_score=0.7667,,0.0,,,
2024-11-04,SELL,CRWD,389,298.5811,116148.05,max_holding_period,2002.53,30.0,293.4332,320.21,275.15
2024-11-05,BUY,CRWD,386,307.8876,118844.61,momentum_score=0.7,,0.0,,,
2024-11-21,SELL,ORCL,675,189.1818,127697.72,take_profit,16590.96,46.4,164.6026,189.3712,161.5514
2024-11-21,SELL,CRWD,386,357.1925,137876.3,take_profit,19031.69,11.4,307.8876,357.55,307.58
2024-11-22,BUY,CRWD,353,372.6323,131539.2,momentum_score=0.8833,,0.0,,,
2024-11-22,BUY,ORCL,666,189.4226,126155.45,momentum_score=0.7833,,0.0,,,
2024-12-11,SELL,MSFT,281,443.2824,124562.35,max_holding_period,4566.42,30.0,427.0318,443.7261,400.7838
2024-12-12,BUY,MSFT,282,444.7337,125414.9,momentum_score=0.85,,0.0,,,
2024-12-16,SELL,ORCL,666,168.3396,112114.17,stop_loss,-14041.28,17.1,189.4226,189.4226,168.5081
2024-12-17,BUY,ORCL,752,167.1793,125718.83,momentum_score=0.3333,,0.0,,,
2024-12-18,SELL,CRWD,353,348.8308,123137.27,trailing_stop,-8401.93,18.6,372.6323,388.2,345.97
2024-12-19,BUY,CRWD,344,351.381,120875.06,momentum_score=0.6333,,0.0,,,
2025-01-14,SELL,MSFT,282,410.386,115728.85,stop_loss,-9686.05,23.6,444.7337,449.132,410.7968
2025-01-15,BUY,MSFT,283,421.7333,119350.52,momentum_score=0.7167,,0.0,,,
2025-01-28,SELL,CRWD,344,408.2713,140445.33,take_profit,19570.26,28.6,351.381,408.68,341.46
2025-01-29,BUY,CRWD,308,397.4671,122419.87,momentum_score=1.0,,0.0,,,
2025-02-21,SELL,CRWD,308,406.2733,125132.18,trailing_stop,2712.31,16.4,397.4671,455.36,396.87
2025-02-24,BUY,CRWD,305,392.1117,119594.07,momentum_score=0.7667,,0.0,,,
2025-02-25,SELL,MSFT,283,393.6296,111397.18,trailing_stop,-7953.35,29.3,421.7333,441.9572,394.0236
2025-02-26,BUY,MSFT,310,396.2316,122831.8,momentum_score=0.65,,0.0,,,
2025-03-06,SELL,ORCL,752,148.7569,111865.19,stop_loss,-13853.64,56.4,167.1793,183.9569,148.9058
2025-03-06,SELL,CRWD,305,347.3823,105951.6,stop_loss+trailing_stop,-13642.47,7.1,392.1117,394.56,347.73
2025-03-07,BUY,ORCL,774,153.222,118593.83,momentum_score=0.75,,0.0,,,
2025-03-07,BUY,CRWD,331,333.8335,110498.89,momentum_score=0.4833,,0.0,,,
2025-03-25,SELL,CRWD,331,384.565,127291.01,take_profit,16792.13,12.9,333.8335,384.95,308.86
2025-03-26,BUY,CRWD,311,371.7814,115624.02,momentum_score=1.0,,0.0,,,
2025-04-03,SELL,ORCL,774,135.2451,104679.71,stop_loss,-13914.12,19.3,153.222,153.222,135.3805
2025-04-04,BUY,ORCL,825,126.6678,104500.93,momentum_score=0.4833,,0.0,,,
2025-04-04,SELL,MSFT,310,355.978,110353.18,stop_loss+trailing_stop,-12478.62,26.4,396.2316,397.1132,356.3343
2025-04-04,SELL,CRWD,311,321.3084,99926.91,stop_loss+trailing_stop,-15697.1,6.4,371.7814,371.7814,321.63
2025-04-07,BUY,MSFT,303,354.728,107482.58,momentum_score=0.9,,0.0,,,
2025-04-07,BUY,CRWD,335,324.6843,108769.24,momentum_score=0.65,,0.0,,,
2025-04-09,SELL,CRWD,335,377.632,126506.72,take_profit,17737.48,1.4,324.6843,378.01,324.36
2025-04-10,BUY,CRWD,314,368.9786,115859.28,momentum_score=0.8,,0.0,,,
2025-04-25,SELL,CRWD,314,424.4551,133278.9,take_profit,17419.62,10.7,368.9786,424.88,362.69
2025-04-28,BUY,CRWD,292,423.5031,123662.91,momentum_score=1.0,,0.0,,,
2025-05-02,SELL,ORCL,825,149.0836,122993.97,take_profit,18493.03,20.0,126.6678,149.2328,121.6
2025-05-05,BUY,ORCL,888,147.9549,131383.95,momentum_score=0.7167,,0.0,,,
2025-05-19,SELL,MSFT,303,454.7786,137797.92,max_holding_period,30315.33,30.0,354.728,455.2338,351.1058
2025-05-20,BUY,MSFT,302,454.9939,137408.16,momentum_score=0.6667,,0.0,,,
2025-06-03,SELL,CRWD,292,488.2712,142575.19,take_profit,18912.29,25.7,423.5031,488.76,410.57
2025-06-04,BUY,CRWD,295,461.0206,136001.08,momentum_score=0.8167,,0.0,,,
2025-06-06,SELL,ORCL,888,172.1191,152841.76,take_profit,21457.81,22.9,147.9549,172.2914,146.2328
2025-06-09,BUY,ORCL,853,175.5657,149757.54,momentum_score=0.8833,,0.0,,,
2025-06-13,SELL,ORCL,853,212.8691,181577.34,take_profit,31819.8,2.9,175.5657,213.0822,174.628
2025-06-16,BUY,ORCL,741,209.2121,155026.17,momentum_score=1.0,,0.0,,,
2025-07-01,SELL,MSFT,302,487.6626,147274.11,max_holding_period,9865.95,30.0,454.9939,493.5081,446.6126
2025-07-02,BUY,MSFT,332,487.6857,161911.65,momentum_score=0.7,,0.0,,,
2025-07-16,SELL,CRWD,295,469.9795,138643.95,max_holding_period,2642.88,30.0,461.0206,514.1,460.56
2025-07-17,BUY,CRWD,354,470.2998,166486.13,momentum_score=0.3333,,0.0,,,
2025-07-17,SELL,ORCL,741,246.5556,182697.7,take_profit,27671.53,22.1,209.2121,246.8024,203.132
2025-07-18,BUY,ORCL,684,243.7718,166739.91,momentum_score=1.0,,0.0,,,
2025-08-07,SELL,CRWD,354,424.575,150299.55,trailing_stop,-16186.58,15.0,470.2998,481.58,425.0
2025-08-08,BUY,CRWD,389,424.9145,165291.74,momentum_score=0.5667,,0.0,,,
2025-08-13,SELL,MSFT,332,515.9383,171291.52,max_holding_period,9379.86,30.0,487.6857,531.3954,487.1985
2025-08-14,BUY,MSFT,320,518.858,166034.56,momentum_score=0.85,,0.0,,,
2025-09-10,SELL,ORCL,684,325.4335,222596.51,take_profit,55856.6,38.6,243.7718,325.7593,221.254
2025-09-11,BUY,ORCL,551,305.7551,168471.06,momentum_score=1.0,,0.0,,,
2025-09-18,SELL,CRWD,389,502.1274,195327.56,take_profit,30035.82,29.3,424.9145,502.63,412.46
2025-09-19,BUY,CRWD,372,503.0525,187135.53,momentum_score=0.9,,0.0,,,
2025-09-25,SELL,MSFT,320,503.3353,161067.3,max_holding_period,-4967.26,30.0,518.858,518.858,491.8848
2025-09-26,BUY,MSFT,363,508.7494,184676.03,momentum_score=0.6833,,0.0,,,
2025-10-21,SELL,ORCL,551,273.196,150531.0,stop_loss,-17940.06,28.6,305.7551,325.5807,273.4695
2025-10-22,BUY,ORCL,674,271.2657,182833.08,momentum_score=0.45,,0.0,,,
2025-10-31,SELL,CRWD,372,542.467,201797.72,max_holding_period,14662.19,30.0,503.0525,546.94,473.09
2025-11-03,BUY,CRWD,343,552.4719,189497.86,momentum_score=0.7333,,0.0,,,
2025-11-06,SELL,ORCL,674,242.0686,163154.24,stop_loss,-19678.85,10.7,271.2657,281.5995,242.3109
2025-11-07,BUY,ORCL,737,238.0365,175432.9,momentum_score=0.4167,,0.0,,,
2025-11-07,SELL,MSFT,363,493.1996,179031.45,max_holding_period,-5644.58,30.0,508.7494,538.6586,493.6933
2025-11-10,BUY,MSFT,363,503.3183,182704.54,momentum_score=0.7833,,0.0,,,
2025-11-20,SELL,CRWD,343,500.8087,171777.38,trailing_stop,-17720.48,12.1,552.4719,557.53,501.31
2025-11-20,SELL,ORCL,737,209.1938,154175.83,stop_loss,-21257.07,9.3,238.0365,239.3591,209.4032
2025-11-21,BUY,ORCL,792,197.7436,156612.93,momentum_score=0.7333,,0.0,,,
2025-11-21,BUY,CRWD,331,491.1607,162574.19,momentum_score=0.6833,,0.0,,,
2025-12-17,SELL,ORCL,792,177.1926,140336.54,stop_loss,-16276.39,18.6,197.7436,221.6479,177.37
2025-12-17,SELL,CRWD,331,469.55,155421.05,trailing_stop,-7153.14,18.6,491.1607,524.17,470.02
2025-12-18,BUY,ORCL,894,179.1094,160123.8,momentum_score=0.5667,,0.0,,,
2025-12-18,BUY,CRWD,337,477.7373,160997.47,momentum_score=0.55,,0.0,,,
2025-12-22,SELL,MSFT,363,482.2873,175070.29,max_holding_period,-7634.25,30.0,503.3183,507.9232,470.0268
2025-12-23,BUY,MSFT,341,485.1763,165445.12,momentum_score=0.6167,,0.0,,,
2026-01-21,SELL,MSFT,341,441.6989,150619.32,stop_loss,-14825.79,20.7,485.1763,485.8563,442.141
2026-01-22,BUY,MSFT,339,449.589,152410.67,momentum_score=0.6667,,0.0,,,
2026-01-29,SELL,CRWD,337,444.1754,149687.11,max_holding_period,-11310.36,30.0,477.7373,483.14,442.73
2026-01-30,BUY,CRWD,330,441.8464,145809.31,momentum_score=0.85,,0.0,,,
2026-01-30,SELL,MSFT,339,427.9539,145076.37,trailing_stop,-7334.3,5.7,449.589,479.4947,428.3823
2026-02-02,BUY,MSFT,339,421.9145,143029.02,momentum_score=0.7,,0.0,,,
2026-02-02,SELL,ORCL,894,159.3434,142453.0,stop_loss,-17670.8,32.9,179.1094,203.9676,159.5029
2026-02-03,BUY,ORCL,902,154.2858,139165.79,momentum_score=0.5667,,0.0,,,
2026-02-05,SELL,CRWD,330,376.7828,124338.32,stop_loss+trailing_stop,-21470.99,4.3,441.8464,441.8464,377.16
2026-02-05,SELL,ORCL,902,135.869,122553.84,stop_loss,-16611.95,1.4,154.2858,154.2858,136.005
2026-02-06,BUY,CRWD,343,395.8955,135792.16,momentum_score=0.75,,0.0,,,
2026-02-06,BUY,ORCL,953,142.4653,135769.43,momentum_score=0.3667,,0.0,,,
2026-02-23,SELL,MSFT,339,383.2555,129923.61,stop_loss,-13105.4,15.0,421.9145,421.9145,383.6391
2026-02-23,SELL,CRWD,343,349.9797,120043.04,stop_loss+trailing_stop,-15749.12,12.1,395.8955,429.64,350.33
2026-02-24,BUY,MSFT,322,388.5475,125112.29,momentum_score=0.7667,,0.0,,,
2026-02-24,BUY,CRWD,352,350.6002,123411.27,momentum_score=0.5667,,0.0,,,
2026-03-04,SELL,CRWD,352,407.2723,143359.85,take_profit,19948.58,5.7,350.6002,407.68,350.25
2026-03-05,BUY,CRWD,329,426.5862,140346.86,momentum_score=0.8,,0.0,,,
2026-03-24,SELL,CRWD,329,392.597,129164.41,trailing_stop,-11182.45,13.6,426.5862,442.03,392.99
2026-03-25,BUY,CRWD,321,386.2458,123984.9,momentum_score=0.5333,,0.0,,,
2026-03-26,SELL,MSFT,322,364.8139,117470.08,trailing_stop,-7642.22,21.4,388.5475,409.7924,365.1791
2026-03-27,BUY,MSFT,342,356.3549,121873.38,momentum_score=0.7667,,0.0,,,
2026-04-10,SELL,CRWD,321,378.641,121543.76,trailing_stop,-2441.14,11.4,386.2458,426.51,369.58
2026-04-13,BUY,CRWD,326,402.6422,131261.36,momentum_score=0.65,,0.0,,,
2026-04-15,SELL,ORCL,953,169.6402,161667.11,take_profit,25897.68,48.6,142.4653,169.81,137.86
2026-04-16,BUY,ORCL,811,178.5183,144778.34,momentum_score=0.9667,,0.0,,,
2026-04-22,SELL,CRWD,326,466.2133,151985.54,take_profit,20724.18,6.4,402.6422,466.68,398.49
2026-04-23,BUY,CRWD,316,445.8354,140883.99,momentum_score=0.6667,,0.0,,,
2026-05-08,SELL,MSFT,342,413.8086,141522.54,max_holding_period,19649.17,30.0,356.3549,431.9844,355.9989
2026-05-08,SELL,CRWD,316,527.2422,166608.54,take_profit,25724.55,10.7,445.8354,527.77,445.39
2026-05-11,BUY,CRWD,294,542.8023,159583.88,momentum_score=0.9,,0.0,,,
2026-05-11,BUY,MSFT,375,412.1799,154567.46,momentum_score=0.45,,0.0,,,
2026-05-20,SELL,CRWD,294,649.4599,190941.21,take_profit,31357.33,6.4,542.8023,650.11,542.26
2026-05-21,BUY,CRWD,252,648.8782,163517.31,momentum_score=1.0,,0.0,,,
2026-05-29,SELL,ORCL,811,225.5542,182924.46,take_profit,38146.11,30.7,178.5183,225.78,161.39
2026-06-01,BUY,ORCL,809,248.3981,200954.06,momentum_score=0.7833,,0.0,,,
2026-06-01,SELL,CRWD,252,781.3878,196909.73,take_profit,33392.42,7.9,648.8782,782.17,645.36
2026-06-02,BUY,CRWD,239,769.719,183962.84,momentum_score=0.65,,0.0,,,
2026-06-05,SELL,ORCL,809,213.4663,172694.24,stop_loss,-28259.83,2.9,248.3981,248.3981,213.68
2026-06-05,SELL,CRWD,239,670.349,160213.41,stop_loss+trailing_stop,-23749.43,2.1,769.719,769.719,671.02
2026-06-08,BUY,CRWD,249,659.4488,164202.75,momentum_score=0.8,,0.0,,,
2026-06-08,BUY,ORCL,782,212.0318,165808.87,momentum_score=0.7167,,0.0,,,
2026-06-08,SELL,MSFT,375,411.3283,154248.11,trailing_stop,-319.35,20.0,412.1799,460.52,404.3343
2026-06-09,BUY,MSFT,404,403.8134,163140.61,momentum_score=0.7667,,0.0,,,
2026-06-11,SELL,ORCL,782,183.9159,143822.23,stop_loss,-21986.63,2.1,212.0318,212.0318,184.1
2026-06-12,BUY,ORCL,872,184.3141,160721.9,momentum_score=0.6667,,0.0,,,
